--------------------------------------------------------
-- Archivo creado  - jueves-septiembre-26-2019   
--------------------------------------------------------
--------------------------------------------------------
--  DDL for Table DPM_EQUI
--------------------------------------------------------

  CREATE TABLE "APP"."DPM_EQUI" 
   (	"IDTEQU" NUMBER(10,0), 
	"IDTDMP" VARCHAR2(30 BYTE), 
	"IDMOVIL" VARCHAR2(30 BYTE), 
	"MARCA" VARCHAR2(30 BYTE), 
	"MODELO" VARCHAR2(30 BYTE), 
	"SERIE" VARCHAR2(30 BYTE), 
	"IMEI" VARCHAR2(30 BYTE), 
	"TELEFONO" VARCHAR2(30 BYTE), 
	"IDTELCOMPLETO" VARCHAR2(30 BYTE), 
	"COMPANIA" VARCHAR2(30 BYTE), 
	"COLOR" VARCHAR2(30 BYTE), 
	"FUNDA" VARCHAR2(30 BYTE), 
	"MICA" VARCHAR2(30 BYTE), 
	"CARGADOR" VARCHAR2(30 BYTE), 
	"OTRACAR" VARCHAR2(30 BYTE), 
	"FECHAIN" DATE, 
	"FECHAUPD" DATE, 
	"STATUS" VARCHAR2(20 BYTE), 
	"COMENTARIO" VARCHAR2(300 BYTE), 
	"IDTUSERLOGIN" NUMBER(10,0), 
	"FECHARECEPCION" DATE, 
	"SIM" VARCHAR2(30 BYTE), 
	"MARCARAPIDA" VARCHAR2(30 BYTE), 
	"PLAZOFORZOSO" DATE
   ) SEGMENT CREATION IMMEDIATE 
  PCTFREE 10 PCTUSED 40 INITRANS 1 MAXTRANS 255 NOCOMPRESS LOGGING
  STORAGE(INITIAL 65536 NEXT 1048576 MINEXTENTS 1 MAXEXTENTS 2147483645
  PCTINCREASE 0 FREELISTS 1 FREELIST GROUPS 1 BUFFER_POOL DEFAULT FLASH_CACHE DEFAULT CELL_FLASH_CACHE DEFAULT)
  TABLESPACE "AGUAKAN" ;
 

   COMMENT ON COLUMN "APP"."DPM_EQUI"."IDTEQU" IS 'id consecutivo de id equipo';
 
   COMMENT ON COLUMN "APP"."DPM_EQUI"."IDTDMP" IS 'id del equipo';
 
   COMMENT ON COLUMN "APP"."DPM_EQUI"."OTRACAR" IS 'otra caracterisitca';
 
   COMMENT ON COLUMN "APP"."DPM_EQUI"."IDTUSERLOGIN" IS 'ID user login lgn';
 
   COMMENT ON COLUMN "APP"."DPM_EQUI"."FECHARECEPCION" IS 'FECHA DE RECEPCION';
--------------------------------------------------------
--  DDL for Table DPM_EVAL
--------------------------------------------------------

  CREATE TABLE "APP"."DPM_EVAL" 
   (	"IDTEVA" NUMBER(10,0), 
	"IDTEQU" NUMBER(10,0), 
	"IDTUSERLOGIN" NUMBER(6,0), 
	"IDTEMPLEADO" VARCHAR2(20 BYTE), 
	"FECHAIN" DATE, 
	"FECHAUP" DATE, 
	"EDO" VARCHAR2(6 BYTE), 
	"OBSERVACIONES" VARCHAR2(300 BYTE), 
	"IDTEVAASOCI" NUMBER(10,0), 
	"NOMBRE" VARCHAR2(200 BYTE), 
	"USERSTATUS" VARCHAR2(20 BYTE), 
	"USERZONA" VARCHAR2(50 BYTE), 
	"USERAREA" VARCHAR2(100 BYTE), 
	"USERDEPA" VARCHAR2(100 BYTE), 
	"FECHAENTREGA" DATE, 
	"USUARIO" VARCHAR2(200 BYTE), 
	"CUENTA" VARCHAR2(30 BYTE), 
	"VPASSWORD" VARCHAR2(30 BYTE), 
	"UBICACION" VARCHAR2(30 BYTE), 
	"FECHAIMPRIME" DATE, 
	"IDTUSERLOGIN2" NUMBER(10,0), 
	"COMENTARIOS" VARCHAR2(300 BYTE)
   ) SEGMENT CREATION IMMEDIATE 
  PCTFREE 10 PCTUSED 40 INITRANS 1 MAXTRANS 255 NOCOMPRESS LOGGING
  STORAGE(INITIAL 65536 NEXT 1048576 MINEXTENTS 1 MAXEXTENTS 2147483645
  PCTINCREASE 0 FREELISTS 1 FREELIST GROUPS 1 BUFFER_POOL DEFAULT FLASH_CACHE DEFAULT CELL_FLASH_CACHE DEFAULT)
  TABLESPACE "AGUAKAN" ;
 

   COMMENT ON COLUMN "APP"."DPM_EVAL"."IDTEVA" IS 'id consecutivo de id evaluacion';
 
   COMMENT ON COLUMN "APP"."DPM_EVAL"."IDTEQU" IS 'id del equipo asociado';
 
   COMMENT ON COLUMN "APP"."DPM_EVAL"."IDTUSERLOGIN" IS 'id USER_LOGIN_LGN';
 
   COMMENT ON COLUMN "APP"."DPM_EVAL"."IDTEMPLEADO" IS 'id EMPLEADO';
 
   COMMENT ON COLUMN "APP"."DPM_EVAL"."FECHAIN" IS 'fecha del registro ';
 
   COMMENT ON COLUMN "APP"."DPM_EVAL"."FECHAUP" IS 'fecha FIN ';
 
   COMMENT ON COLUMN "APP"."DPM_EVAL"."EDO" IS 'estado "NVO"=> nuevo, "DAS==>desasignado';
 
   COMMENT ON COLUMN "APP"."DPM_EVAL"."OBSERVACIONES" IS 'observaciones';
 
   COMMENT ON COLUMN "APP"."DPM_EVAL"."IDTEVAASOCI" IS 'IDTEVA ASOCIADO AL IDTEVA INICIAL.. SI ES NULL TIENE UN ASOCIADO PRINCIPAL';
 
   COMMENT ON COLUMN "APP"."DPM_EVAL"."NOMBRE" IS 'NOMBRE USUARIO';
 
   COMMENT ON COLUMN "APP"."DPM_EVAL"."IDTUSERLOGIN2" IS 'IDTUSERLOGIN quien des asigna';
 
   COMMENT ON COLUMN "APP"."DPM_EVAL"."COMENTARIOS" IS 'comentario de recepcion';
--------------------------------------------------------
--  DDL for Table DPM_VARS
--------------------------------------------------------

  CREATE TABLE "APP"."DPM_VARS" 
   (	"IDTVAR" VARCHAR2(30 BYTE), 
	"TPOVAR" VARCHAR2(30 BYTE), 
	"VALOR" VARCHAR2(2000 BYTE), 
	"DESCRIPCION" VARCHAR2(2000 BYTE)
   ) SEGMENT CREATION IMMEDIATE 
  PCTFREE 10 PCTUSED 40 INITRANS 1 MAXTRANS 255 NOCOMPRESS LOGGING
  STORAGE(INITIAL 65536 NEXT 1048576 MINEXTENTS 1 MAXEXTENTS 2147483645
  PCTINCREASE 0 FREELISTS 1 FREELIST GROUPS 1 BUFFER_POOL DEFAULT FLASH_CACHE DEFAULT CELL_FLASH_CACHE DEFAULT)
  TABLESPACE "AGUAKAN" ;
 

   COMMENT ON COLUMN "APP"."DPM_VARS"."IDTVAR" IS 'id de la variable';
 
   COMMENT ON COLUMN "APP"."DPM_VARS"."TPOVAR" IS 'tipo de la variable';
 
   COMMENT ON COLUMN "APP"."DPM_VARS"."VALOR" IS 'valor de la variable';
 
   COMMENT ON COLUMN "APP"."DPM_VARS"."DESCRIPCION" IS 'descripción';
 
   COMMENT ON TABLE "APP"."DPM_VARS"  IS 'Registro variables de la aplicación';
REM INSERTING into APP.DPM_EQUI
SET DEFINE OFF;
Insert into APP.DPM_EQUI (IDTEQU,IDTDMP,IDMOVIL,MARCA,MODELO,SERIE,IMEI,TELEFONO,IDTELCOMPLETO,COMPANIA,COLOR,FUNDA,MICA,CARGADOR,OTRACAR,FECHAIN,FECHAUPD,STATUS,COMENTARIO,IDTUSERLOGIN,FECHARECEPCION,SIM,MARCARAPIDA,PLAZOFORZOSO) values (20,'MOVIL',null,null,'222','2222','222',null,null,'TELCEL','22','222','22','22',null,to_date('23/04/19','DD/MM/RR'),null,'DPN','222',1,to_date('25/04/19','DD/MM/RR'),null,null,to_date('26/04/19','DD/MM/RR'));
Insert into APP.DPM_EQUI (IDTEQU,IDTDMP,IDMOVIL,MARCA,MODELO,SERIE,IMEI,TELEFONO,IDTELCOMPLETO,COMPANIA,COLOR,FUNDA,MICA,CARGADOR,OTRACAR,FECHAIN,FECHAUPD,STATUS,COMENTARIO,IDTUSERLOGIN,FECHARECEPCION,SIM,MARCARAPIDA,PLAZOFORZOSO) values (19,'RADIO','1111111','54515','545151','25625',null,null,null,null,null,null,null,null,null,to_date('23/04/19','DD/MM/RR'),null,'RBD','jjhbjh jbjhbjhbjh bjhvjvjhv',1,to_date('26/04/19','DD/MM/RR'),null,null,null);
Insert into APP.DPM_EQUI (IDTEQU,IDTDMP,IDMOVIL,MARCA,MODELO,SERIE,IMEI,TELEFONO,IDTELCOMPLETO,COMPANIA,COLOR,FUNDA,MICA,CARGADOR,OTRACAR,FECHAIN,FECHAUPD,STATUS,COMENTARIO,IDTUSERLOGIN,FECHARECEPCION,SIM,MARCARAPIDA,PLAZOFORZOSO) values (16,'SIM',null,null,null,null,null,null,null,'TELCEL',null,null,null,null,null,to_date('22/04/19','DD/MM/RR'),null,'RPR',null,1,to_date('01/05/19','DD/MM/RR'),'12345','5454',null);
Insert into APP.DPM_EQUI (IDTEQU,IDTDMP,IDMOVIL,MARCA,MODELO,SERIE,IMEI,TELEFONO,IDTELCOMPLETO,COMPANIA,COLOR,FUNDA,MICA,CARGADOR,OTRACAR,FECHAIN,FECHAUPD,STATUS,COMENTARIO,IDTUSERLOGIN,FECHARECEPCION,SIM,MARCARAPIDA,PLAZOFORZOSO) values (21,'MOVIL',null,null,'Moto C','7845612','123456789',null,null,'ATYT','azul','de uso rudo','cristal templado','original negro moto turbo',null,to_date('29/04/19','DD/MM/RR'),null,'DPN','dfghjklkjhg dfiugfgjjhg cfiyt8trfghe',1,to_date('29/04/19','DD/MM/RR'),null,null,to_date('07/02/20','DD/MM/RR'));
Insert into APP.DPM_EQUI (IDTEQU,IDTDMP,IDMOVIL,MARCA,MODELO,SERIE,IMEI,TELEFONO,IDTELCOMPLETO,COMPANIA,COLOR,FUNDA,MICA,CARGADOR,OTRACAR,FECHAIN,FECHAUPD,STATUS,COMENTARIO,IDTUSERLOGIN,FECHARECEPCION,SIM,MARCARAPIDA,PLAZOFORZOSO) values (22,'SIM',null,null,null,null,null,'9999691847','12468*125*2143','ATYT',null,null,null,null,null,to_date('29/04/19','DD/MM/RR'),null,'DPN','kjhgfdghjkljhvchjkl
hgvhj&ntilde;lkhjh
hgvjbnk',1,to_date('26/04/19','DD/MM/RR'),'1236547895642','239',null);
Insert into APP.DPM_EQUI (IDTEQU,IDTDMP,IDMOVIL,MARCA,MODELO,SERIE,IMEI,TELEFONO,IDTELCOMPLETO,COMPANIA,COLOR,FUNDA,MICA,CARGADOR,OTRACAR,FECHAIN,FECHAUPD,STATUS,COMENTARIO,IDTUSERLOGIN,FECHARECEPCION,SIM,MARCARAPIDA,PLAZOFORZOSO) values (23,'SIM',null,null,null,null,null,'9999691847','12468*125*2143','ATYT',null,null,null,null,null,to_date('29/04/19','DD/MM/RR'),null,'DPN','kjhgfdghjkljhvchjkl
hgvhj&ntilde;lkhjh
hgvjbnk',1,to_date('26/04/19','DD/MM/RR'),'1236547895642','239',null);
Insert into APP.DPM_EQUI (IDTEQU,IDTDMP,IDMOVIL,MARCA,MODELO,SERIE,IMEI,TELEFONO,IDTELCOMPLETO,COMPANIA,COLOR,FUNDA,MICA,CARGADOR,OTRACAR,FECHAIN,FECHAUPD,STATUS,COMENTARIO,IDTUSERLOGIN,FECHARECEPCION,SIM,MARCARAPIDA,PLAZOFORZOSO) values (24,'RADIO','672','Motorola','8550','871DPI405',null,null,null,null,null,null,null,null,null,to_date('30/04/19','DD/MM/RR'),null,'ASG','NA',1,to_date('30/04/19','DD/MM/RR'),null,null,null);
Insert into APP.DPM_EQUI (IDTEQU,IDTDMP,IDMOVIL,MARCA,MODELO,SERIE,IMEI,TELEFONO,IDTELCOMPLETO,COMPANIA,COLOR,FUNDA,MICA,CARGADOR,OTRACAR,FECHAIN,FECHAUPD,STATUS,COMENTARIO,IDTUSERLOGIN,FECHARECEPCION,SIM,MARCARAPIDA,PLAZOFORZOSO) values (25,'RADIO','672','Motorola','8550','871DPI405',null,null,null,null,null,null,null,null,null,to_date('30/04/19','DD/MM/RR'),null,'ASG','NA',1,to_date('30/04/19','DD/MM/RR'),null,null,null);
Insert into APP.DPM_EQUI (IDTEQU,IDTDMP,IDMOVIL,MARCA,MODELO,SERIE,IMEI,TELEFONO,IDTELCOMPLETO,COMPANIA,COLOR,FUNDA,MICA,CARGADOR,OTRACAR,FECHAIN,FECHAUPD,STATUS,COMENTARIO,IDTUSERLOGIN,FECHARECEPCION,SIM,MARCARAPIDA,PLAZOFORZOSO) values (26,'RADIO','672','Motorola','8550','871DPI405',null,null,null,null,null,null,null,null,null,to_date('30/04/19','DD/MM/RR'),null,'ASG','NA',1,to_date('30/04/19','DD/MM/RR'),null,null,null);
Insert into APP.DPM_EQUI (IDTEQU,IDTDMP,IDMOVIL,MARCA,MODELO,SERIE,IMEI,TELEFONO,IDTELCOMPLETO,COMPANIA,COLOR,FUNDA,MICA,CARGADOR,OTRACAR,FECHAIN,FECHAUPD,STATUS,COMENTARIO,IDTUSERLOGIN,FECHARECEPCION,SIM,MARCARAPIDA,PLAZOFORZOSO) values (27,'RADIO','672','Motorola','8550','871DPI405',null,null,null,null,null,null,null,null,null,to_date('30/04/19','DD/MM/RR'),null,'ASG','NA',1,to_date('30/04/19','DD/MM/RR'),null,null,null);
Insert into APP.DPM_EQUI (IDTEQU,IDTDMP,IDMOVIL,MARCA,MODELO,SERIE,IMEI,TELEFONO,IDTELCOMPLETO,COMPANIA,COLOR,FUNDA,MICA,CARGADOR,OTRACAR,FECHAIN,FECHAUPD,STATUS,COMENTARIO,IDTUSERLOGIN,FECHARECEPCION,SIM,MARCARAPIDA,PLAZOFORZOSO) values (28,'RADIO','561','Motorola','8550','871492TYE',null,null,null,null,null,null,null,null,null,to_date('30/04/19','DD/MM/RR'),null,'DPN','NA',1,to_date('30/04/19','DD/MM/RR'),null,null,null);
Insert into APP.DPM_EQUI (IDTEQU,IDTDMP,IDMOVIL,MARCA,MODELO,SERIE,IMEI,TELEFONO,IDTELCOMPLETO,COMPANIA,COLOR,FUNDA,MICA,CARGADOR,OTRACAR,FECHAIN,FECHAUPD,STATUS,COMENTARIO,IDTUSERLOGIN,FECHARECEPCION,SIM,MARCARAPIDA,PLAZOFORZOSO) values (29,'RADIO','789','Motorola','8550','8718905f',null,null,null,null,null,null,null,null,null,to_date('30/04/19','DD/MM/RR'),null,'DPN','NA',1,to_date('30/04/19','DD/MM/RR'),null,null,null);
Insert into APP.DPM_EQUI (IDTEQU,IDTDMP,IDMOVIL,MARCA,MODELO,SERIE,IMEI,TELEFONO,IDTELCOMPLETO,COMPANIA,COLOR,FUNDA,MICA,CARGADOR,OTRACAR,FECHAIN,FECHAUPD,STATUS,COMENTARIO,IDTUSERLOGIN,FECHARECEPCION,SIM,MARCARAPIDA,PLAZOFORZOSO) values (12,'SIM',null,null,null,null,null,'98989898989WWWWWWWWWWWWWWWWWWW','9898*959*59','ATYT',null,null,null,null,null,to_date('18/04/19','DD/MM/RR'),null,'DND','SE ROMPIO',1,to_date('29/04/19','DD/MM/RR'),'sim sim',null,null);
Insert into APP.DPM_EQUI (IDTEQU,IDTDMP,IDMOVIL,MARCA,MODELO,SERIE,IMEI,TELEFONO,IDTELCOMPLETO,COMPANIA,COLOR,FUNDA,MICA,CARGADOR,OTRACAR,FECHAIN,FECHAUPD,STATUS,COMENTARIO,IDTUSERLOGIN,FECHARECEPCION,SIM,MARCARAPIDA,PLAZOFORZOSO) values (13,'RADIO','222222','22','222','222',null,null,null,null,null,null,null,null,null,to_date('18/04/19','DD/MM/RR'),null,'RBD','ssd',1,to_date('09/05/19','DD/MM/RR'),null,null,null);
Insert into APP.DPM_EQUI (IDTEQU,IDTDMP,IDMOVIL,MARCA,MODELO,SERIE,IMEI,TELEFONO,IDTELCOMPLETO,COMPANIA,COLOR,FUNDA,MICA,CARGADOR,OTRACAR,FECHAIN,FECHAUPD,STATUS,COMENTARIO,IDTUSERLOGIN,FECHARECEPCION,SIM,MARCARAPIDA,PLAZOFORZOSO) values (14,'MOVIL',null,null,'&ntilde;lk&ntilde;lk','231','l&ntilde;l&ntilde;l',null,null,'TELCEL','&ntilde;lk&ntilde;lk','jkhkjh','kjhkjhk','jhgjhgjh',null,to_date('18/04/19','DD/MM/RR'),null,'ASG','jhjhjb jh  gjhg jhg jhgjh gjhg jhg jhj  s da sda sda sdas da dad a',1,to_date('18/04/19','DD/MM/RR'),null,null,null);
Insert into APP.DPM_EQUI (IDTEQU,IDTDMP,IDMOVIL,MARCA,MODELO,SERIE,IMEI,TELEFONO,IDTELCOMPLETO,COMPANIA,COLOR,FUNDA,MICA,CARGADOR,OTRACAR,FECHAIN,FECHAUPD,STATUS,COMENTARIO,IDTUSERLOGIN,FECHARECEPCION,SIM,MARCARAPIDA,PLAZOFORZOSO) values (15,'SIM',null,null,null,null,null,'444444444444444444444444444444','23423235243235','TELCEL',null,null,null,null,null,to_date('18/04/19','DD/MM/RR'),null,'RPR','2323 2c5c253c25c23c2 535 232 35235',1,to_date('04/05/19','DD/MM/RR'),'33333333333333333333',null,null);
Insert into APP.DPM_EQUI (IDTEQU,IDTDMP,IDMOVIL,MARCA,MODELO,SERIE,IMEI,TELEFONO,IDTELCOMPLETO,COMPANIA,COLOR,FUNDA,MICA,CARGADOR,OTRACAR,FECHAIN,FECHAUPD,STATUS,COMENTARIO,IDTUSERLOGIN,FECHARECEPCION,SIM,MARCARAPIDA,PLAZOFORZOSO) values (17,'RADIO','666','777','333','888',null,null,null,null,null,null,null,null,null,to_date('22/04/19','DD/MM/RR'),null,'ETV','nuevo',1,to_date('08/05/19','DD/MM/RR'),null,null,null);
Insert into APP.DPM_EQUI (IDTEQU,IDTDMP,IDMOVIL,MARCA,MODELO,SERIE,IMEI,TELEFONO,IDTELCOMPLETO,COMPANIA,COLOR,FUNDA,MICA,CARGADOR,OTRACAR,FECHAIN,FECHAUPD,STATUS,COMENTARIO,IDTUSERLOGIN,FECHARECEPCION,SIM,MARCARAPIDA,PLAZOFORZOSO) values (18,'SIM',null,null,null,null,null,'sdsd','ssdsd','TELCEL',null,null,null,null,null,to_date('22/04/19','DD/MM/RR'),null,'DPN','nada',1,to_date('24/04/19','DD/MM/RR'),'nada','sdsd',null);
Insert into APP.DPM_EQUI (IDTEQU,IDTDMP,IDMOVIL,MARCA,MODELO,SERIE,IMEI,TELEFONO,IDTELCOMPLETO,COMPANIA,COLOR,FUNDA,MICA,CARGADOR,OTRACAR,FECHAIN,FECHAUPD,STATUS,COMENTARIO,IDTUSERLOGIN,FECHARECEPCION,SIM,MARCARAPIDA,PLAZOFORZOSO) values (30,'MOVIL',null,null,'5G','9999999','55555',null,null,'TELCEL','azul','de rositas','rositas','sdfsdfs',null,to_date('10/09/19','DD/MM/RR'),null,'DPN','Este es un movil para la practicante, Lorena Vazquez',1,to_date('10/09/19','DD/MM/RR'),null,null,to_date('11/09/19','DD/MM/RR'));
REM INSERTING into APP.DPM_EVAL
SET DEFINE OFF;
Insert into APP.DPM_EVAL (IDTEVA,IDTEQU,IDTUSERLOGIN,IDTEMPLEADO,FECHAIN,FECHAUP,EDO,OBSERVACIONES,IDTEVAASOCI,NOMBRE,USERSTATUS,USERZONA,USERAREA,USERDEPA,FECHAENTREGA,USUARIO,CUENTA,VPASSWORD,UBICACION,FECHAIMPRIME,IDTUSERLOGIN2,COMENTARIOS) values (22,14,1,'0018',to_date('23/04/19','DD/MM/RR'),to_date('24/04/19','DD/MM/RR'),'DAS','ww',null,'Elias Ruiz Vidal','Inactivo','Playa',null,null,to_date('23/04/19','DD/MM/RR'),'Elias Ruiz Vidal','www','ww','eee',null,1,'se lo robaron.');
Insert into APP.DPM_EVAL (IDTEVA,IDTEQU,IDTUSERLOGIN,IDTEMPLEADO,FECHAIN,FECHAUP,EDO,OBSERVACIONES,IDTEVAASOCI,NOMBRE,USERSTATUS,USERZONA,USERAREA,USERDEPA,FECHAENTREGA,USUARIO,CUENTA,VPASSWORD,UBICACION,FECHAIMPRIME,IDTUSERLOGIN2,COMENTARIOS) values (23,20,1,'2617',to_date('25/04/19','DD/MM/RR'),null,'NVO','test',null,'Juan Carlos Cruz Cordova','Activo','Cancun','Subgerencia Tecnolog&iacute;a de la Informaci&oacute;n','Coordinaci&oacute;n de Sistemas de Informaci&oacute;n',to_date('25/04/19','DD/MM/RR'),'Elias Ruiz Vidal','ninguna','12345','mexico',null,null,null);
Insert into APP.DPM_EVAL (IDTEVA,IDTEQU,IDTUSERLOGIN,IDTEMPLEADO,FECHAIN,FECHAUP,EDO,OBSERVACIONES,IDTEVAASOCI,NOMBRE,USERSTATUS,USERZONA,USERAREA,USERDEPA,FECHAENTREGA,USUARIO,CUENTA,VPASSWORD,UBICACION,FECHAIMPRIME,IDTUSERLOGIN2,COMENTARIOS) values (24,20,1,'18',to_date('25/04/19','DD/MM/RR'),null,'NVO','test',23,'Patricia Manuela Lara Farf&aacute;n','Activo','Cancun','Gerencia Comercial','Gerencia de Atenci&oacute;n a Clientes',to_date('25/04/19','DD/MM/RR'),'Elias Ruiz Vidal','ninguna','12345','mexico',null,null,null);
Insert into APP.DPM_EVAL (IDTEVA,IDTEQU,IDTUSERLOGIN,IDTEMPLEADO,FECHAIN,FECHAUP,EDO,OBSERVACIONES,IDTEVAASOCI,NOMBRE,USERSTATUS,USERZONA,USERAREA,USERDEPA,FECHAENTREGA,USUARIO,CUENTA,VPASSWORD,UBICACION,FECHAIMPRIME,IDTUSERLOGIN2,COMENTARIOS) values (25,20,1,'0018',to_date('25/04/19','DD/MM/RR'),null,'NVO','test',24,'Elias Ruiz Vidal','Inactivo','Playa',null,null,to_date('25/04/19','DD/MM/RR'),'Elias Ruiz Vidal','ninguna','12345','mexico',null,null,null);
Insert into APP.DPM_EVAL (IDTEVA,IDTEQU,IDTUSERLOGIN,IDTEMPLEADO,FECHAIN,FECHAUP,EDO,OBSERVACIONES,IDTEVAASOCI,NOMBRE,USERSTATUS,USERZONA,USERAREA,USERDEPA,FECHAENTREGA,USUARIO,CUENTA,VPASSWORD,UBICACION,FECHAIMPRIME,IDTUSERLOGIN2,COMENTARIOS) values (26,20,1,'2617',to_date('25/04/19','DD/MM/RR'),null,'NVO',' Observaciones  Observaciones  Observaciones  Observaciones Observaciones  Observaciones ',null,'Juan Carlos Cruz Cordova','Activo','Cancun','Subgerencia Tecnolog&iacute;a de la Informaci&oacute;n','Coordinaci&oacute;n de Sistemas de Informaci&oacute;n',to_date('25/04/19','DD/MM/RR'),'Patricia Manuela Lara Farf&aacute;n','cuenta123','password123','europa',null,null,null);
Insert into APP.DPM_EVAL (IDTEVA,IDTEQU,IDTUSERLOGIN,IDTEMPLEADO,FECHAIN,FECHAUP,EDO,OBSERVACIONES,IDTEVAASOCI,NOMBRE,USERSTATUS,USERZONA,USERAREA,USERDEPA,FECHAENTREGA,USUARIO,CUENTA,VPASSWORD,UBICACION,FECHAIMPRIME,IDTUSERLOGIN2,COMENTARIOS) values (27,20,1,'2617',to_date('25/04/19','DD/MM/RR'),null,'NVO',' Observaciones  Observaciones  Observaciones  Observaciones Observaciones  Observaciones ',26,'Juan Carlos Cruz Cordova','Activo','Cancun','Subgerencia Tecnolog&iacute;a de la Informaci&oacute;n','Coordinaci&oacute;n de Sistemas de Informaci&oacute;n',to_date('25/04/19','DD/MM/RR'),'Patricia Manuela Lara Farf&aacute;n','cuenta123','password123','europa',null,null,null);
Insert into APP.DPM_EVAL (IDTEVA,IDTEQU,IDTUSERLOGIN,IDTEMPLEADO,FECHAIN,FECHAUP,EDO,OBSERVACIONES,IDTEVAASOCI,NOMBRE,USERSTATUS,USERZONA,USERAREA,USERDEPA,FECHAENTREGA,USUARIO,CUENTA,VPASSWORD,UBICACION,FECHAIMPRIME,IDTUSERLOGIN2,COMENTARIOS) values (28,20,1,'2617',to_date('25/04/19','DD/MM/RR'),null,'NVO',' Observaciones  Observaciones  Observaciones  Observaciones Observaciones  Observaciones ',26,'Juan Carlos Cruz Cordova','Activo','Cancun','Subgerencia Tecnolog&iacute;a de la Informaci&oacute;n','Coordinaci&oacute;n de Sistemas de Informaci&oacute;n',to_date('25/04/19','DD/MM/RR'),'Patricia Manuela Lara Farf&aacute;n','cuenta123','password123','europa',null,null,null);
Insert into APP.DPM_EVAL (IDTEVA,IDTEQU,IDTUSERLOGIN,IDTEMPLEADO,FECHAIN,FECHAUP,EDO,OBSERVACIONES,IDTEVAASOCI,NOMBRE,USERSTATUS,USERZONA,USERAREA,USERDEPA,FECHAENTREGA,USUARIO,CUENTA,VPASSWORD,UBICACION,FECHAIMPRIME,IDTUSERLOGIN2,COMENTARIOS) values (29,20,1,'18',to_date('25/04/19','DD/MM/RR'),null,'NVO',' Observaciones  Observaciones  Observaciones  Observaciones Observaciones  Observaciones ',26,'Patricia Manuela Lara Farf&aacute;n','Activo','Cancun','Gerencia Comercial','Gerencia de Atenci&oacute;n a Clientes',to_date('25/04/19','DD/MM/RR'),'Patricia Manuela Lara Farf&aacute;n','cuenta123','password123','europa',null,null,null);
Insert into APP.DPM_EVAL (IDTEVA,IDTEQU,IDTUSERLOGIN,IDTEMPLEADO,FECHAIN,FECHAUP,EDO,OBSERVACIONES,IDTEVAASOCI,NOMBRE,USERSTATUS,USERZONA,USERAREA,USERDEPA,FECHAENTREGA,USUARIO,CUENTA,VPASSWORD,UBICACION,FECHAIMPRIME,IDTUSERLOGIN2,COMENTARIOS) values (30,20,1,'500',to_date('26/04/19','DD/MM/RR'),null,'NVO',null,null,'Julio Marciano May Balam','Activo','Cancun','Subgerencia Pto. Mor, Cent Vallar y Leona Vic','Departamento de Operaci&oacute;n (Pto Mor)',null,'Julio Marciano May Balam',null,null,null,null,null,null);
Insert into APP.DPM_EVAL (IDTEVA,IDTEQU,IDTUSERLOGIN,IDTEMPLEADO,FECHAIN,FECHAUP,EDO,OBSERVACIONES,IDTEVAASOCI,NOMBRE,USERSTATUS,USERZONA,USERAREA,USERDEPA,FECHAENTREGA,USUARIO,CUENTA,VPASSWORD,UBICACION,FECHAIMPRIME,IDTUSERLOGIN2,COMENTARIOS) values (18,19,1,'1886',to_date('23/04/19','DD/MM/RR'),null,'NVO','kjk kjk  ',null,'Carlos Alberto Mena Rosado','Activo','Cancun','Subgerencia Tecnolog&iacute;a de la Informaci&oacute;n','Coordinaci&oacute;n de Soporte T&eacute;cnico',to_date('25/04/19','DD/MM/RR'),null,null,null,'cozumel',null,null,null);
Insert into APP.DPM_EVAL (IDTEVA,IDTEQU,IDTUSERLOGIN,IDTEMPLEADO,FECHAIN,FECHAUP,EDO,OBSERVACIONES,IDTEVAASOCI,NOMBRE,USERSTATUS,USERZONA,USERAREA,USERDEPA,FECHAENTREGA,USUARIO,CUENTA,VPASSWORD,UBICACION,FECHAIMPRIME,IDTUSERLOGIN2,COMENTARIOS) values (19,19,1,'2617',to_date('23/04/19','DD/MM/RR'),null,'NVO',null,null,'Juan Carlos Cruz Cordova','Activo','Cancun','Subgerencia Tecnolog&iacute;a de la Informaci&oacute;n','Coordinaci&oacute;n de Sistemas de Informaci&oacute;n',to_date('04/05/19','DD/MM/RR'),null,null,null,'jjhkh ',null,null,null);
Insert into APP.DPM_EVAL (IDTEVA,IDTEQU,IDTUSERLOGIN,IDTEMPLEADO,FECHAIN,FECHAUP,EDO,OBSERVACIONES,IDTEVAASOCI,NOMBRE,USERSTATUS,USERZONA,USERAREA,USERDEPA,FECHAENTREGA,USUARIO,CUENTA,VPASSWORD,UBICACION,FECHAIMPRIME,IDTUSERLOGIN2,COMENTARIOS) values (20,19,1,'2005',to_date('23/04/19','DD/MM/RR'),to_date('24/04/19','DD/MM/RR'),'DAS',null,null,'Fernando de la Cruz Caamal Pat','Inactivo','Cancun',null,null,to_date('24/04/19','DD/MM/RR'),null,null,null,'jj',null,1,null);
Insert into APP.DPM_EVAL (IDTEVA,IDTEQU,IDTUSERLOGIN,IDTEMPLEADO,FECHAIN,FECHAUP,EDO,OBSERVACIONES,IDTEVAASOCI,NOMBRE,USERSTATUS,USERZONA,USERAREA,USERDEPA,FECHAENTREGA,USUARIO,CUENTA,VPASSWORD,UBICACION,FECHAIMPRIME,IDTUSERLOGIN2,COMENTARIOS) values (21,14,1,'2092',to_date('23/04/19','DD/MM/RR'),null,'NVO','Usuario',null,'Pablo Oscar L&oacute;pez Culebro','Activo','Cancun','Subgerencia Tecnolog&iacute;a de la Informaci&oacute;n','Coordinaci&oacute;n de Operaciones TI',to_date('28/04/19','DD/MM/RR'),'Usuario','Usuario','Usuario','Usuario',null,null,null);
Insert into APP.DPM_EVAL (IDTEVA,IDTEQU,IDTUSERLOGIN,IDTEMPLEADO,FECHAIN,FECHAUP,EDO,OBSERVACIONES,IDTEVAASOCI,NOMBRE,USERSTATUS,USERZONA,USERAREA,USERDEPA,FECHAENTREGA,USUARIO,CUENTA,VPASSWORD,UBICACION,FECHAIMPRIME,IDTUSERLOGIN2,COMENTARIOS) values (31,21,1,'2092',to_date('29/04/19','DD/MM/RR'),null,'NVO','Se entrega equipo d pr&eacute;stamo en lo que llega su equipo por garant&iacute;a.',null,'Pablo Oscar L&oacute;pez Culebro','Activo','Cancun','Subgerencia Tecnolog&iacute;a de la Informaci&oacute;n','Coordinaci&oacute;n de Operaciones TI',to_date('29/04/19','DD/MM/RR'),'Pablo Oscar L&oacute;pez Culebro aliaz plopez guardia T.I.','20301564','1','uxmal',null,null,null);
Insert into APP.DPM_EVAL (IDTEVA,IDTEQU,IDTUSERLOGIN,IDTEMPLEADO,FECHAIN,FECHAUP,EDO,OBSERVACIONES,IDTEVAASOCI,NOMBRE,USERSTATUS,USERZONA,USERAREA,USERDEPA,FECHAENTREGA,USUARIO,CUENTA,VPASSWORD,UBICACION,FECHAIMPRIME,IDTUSERLOGIN2,COMENTARIOS) values (32,28,1,'1886',to_date('30/04/19','DD/MM/RR'),null,'NVO','NA',null,'Carlos Alberto Mena Rosado','Activo','Cancun','Subgerencia Tecnolog&iacute;a de la Informaci&oacute;n','Coordinaci&oacute;n de Soporte T&eacute;cnico',to_date('30/04/19','DD/MM/RR'),null,null,null,'Uxmal',null,null,null);
Insert into APP.DPM_EVAL (IDTEVA,IDTEQU,IDTUSERLOGIN,IDTEMPLEADO,FECHAIN,FECHAUP,EDO,OBSERVACIONES,IDTEVAASOCI,NOMBRE,USERSTATUS,USERZONA,USERAREA,USERDEPA,FECHAENTREGA,USUARIO,CUENTA,VPASSWORD,UBICACION,FECHAIMPRIME,IDTUSERLOGIN2,COMENTARIOS) values (33,29,1,'1234',to_date('30/04/19','DD/MM/RR'),null,'NVO','NA',null,'Ronal preslian Alvarado Flores','Inactivo','Cancun',null,null,to_date('30/04/19','DD/MM/RR'),null,null,null,'Uxmal',null,null,null);
Insert into APP.DPM_EVAL (IDTEVA,IDTEQU,IDTUSERLOGIN,IDTEMPLEADO,FECHAIN,FECHAUP,EDO,OBSERVACIONES,IDTEVAASOCI,NOMBRE,USERSTATUS,USERZONA,USERAREA,USERDEPA,FECHAENTREGA,USUARIO,CUENTA,VPASSWORD,UBICACION,FECHAIMPRIME,IDTUSERLOGIN2,COMENTARIOS) values (2,1,1,'18',to_date('22/04/19','DD/MM/RR'),null,'NVO','nada',null,'Patricia Manuela Lara Farf&aacute;n','Activo','Cancun','Gerencia Comercial','Gerencia de Atenci&oacute;n a Clientes',to_date('22/04/19','DD/MM/RR'),'usuario','cuenta','password','ubicacion',null,null,null);
Insert into APP.DPM_EVAL (IDTEVA,IDTEQU,IDTUSERLOGIN,IDTEMPLEADO,FECHAIN,FECHAUP,EDO,OBSERVACIONES,IDTEVAASOCI,NOMBRE,USERSTATUS,USERZONA,USERAREA,USERDEPA,FECHAENTREGA,USUARIO,CUENTA,VPASSWORD,UBICACION,FECHAIMPRIME,IDTUSERLOGIN2,COMENTARIOS) values (3,1,1,'0018',to_date('22/04/19','DD/MM/RR'),null,'NVO','nada',2,'Elias Ruiz Vidal','Inactivo','Playa',null,null,to_date('22/04/19','DD/MM/RR'),'usuario','cuenta','password','ubicacion',null,null,null);
Insert into APP.DPM_EVAL (IDTEVA,IDTEQU,IDTUSERLOGIN,IDTEMPLEADO,FECHAIN,FECHAUP,EDO,OBSERVACIONES,IDTEVAASOCI,NOMBRE,USERSTATUS,USERZONA,USERAREA,USERDEPA,FECHAENTREGA,USUARIO,CUENTA,VPASSWORD,UBICACION,FECHAIMPRIME,IDTUSERLOGIN2,COMENTARIOS) values (4,14,1,'18',to_date('22/04/19','DD/MM/RR'),null,'NVO','nada',null,'Patricia Manuela Lara Farf&aacute;n','Activo','Cancun','Gerencia Comercial','Gerencia de Atenci&oacute;n a Clientes',to_date('22/04/19','DD/MM/RR'),'usuario','cuenta','password','ubicacion',null,null,null);
Insert into APP.DPM_EVAL (IDTEVA,IDTEQU,IDTUSERLOGIN,IDTEMPLEADO,FECHAIN,FECHAUP,EDO,OBSERVACIONES,IDTEVAASOCI,NOMBRE,USERSTATUS,USERZONA,USERAREA,USERDEPA,FECHAENTREGA,USUARIO,CUENTA,VPASSWORD,UBICACION,FECHAIMPRIME,IDTUSERLOGIN2,COMENTARIOS) values (5,14,1,'0018',to_date('22/04/19','DD/MM/RR'),null,'NVO','nada',4,'Elias Ruiz Vidal','Inactivo','Playa',null,null,to_date('22/04/19','DD/MM/RR'),'usuario','cuenta','password','ubicacion',null,null,null);
Insert into APP.DPM_EVAL (IDTEVA,IDTEQU,IDTUSERLOGIN,IDTEMPLEADO,FECHAIN,FECHAUP,EDO,OBSERVACIONES,IDTEVAASOCI,NOMBRE,USERSTATUS,USERZONA,USERAREA,USERDEPA,FECHAENTREGA,USUARIO,CUENTA,VPASSWORD,UBICACION,FECHAIMPRIME,IDTUSERLOGIN2,COMENTARIOS) values (6,14,1,'2617',to_date('22/04/19','DD/MM/RR'),null,'NVO','yo',null,'Juan Carlos Cruz Cordova','Activo','Cancun','Subgerencia Tecnolog&iacute;a de la Informaci&oacute;n','Coordinaci&oacute;n de Sistemas de Informaci&oacute;n',to_date('24/04/19','DD/MM/RR'),null,null,null,null,null,null,null);
Insert into APP.DPM_EVAL (IDTEVA,IDTEQU,IDTUSERLOGIN,IDTEMPLEADO,FECHAIN,FECHAUP,EDO,OBSERVACIONES,IDTEVAASOCI,NOMBRE,USERSTATUS,USERZONA,USERAREA,USERDEPA,FECHAENTREGA,USUARIO,CUENTA,VPASSWORD,UBICACION,FECHAIMPRIME,IDTUSERLOGIN2,COMENTARIOS) values (7,13,1,'2617',to_date('22/04/19','DD/MM/RR'),null,'NVO',null,null,'Juan Carlos Cruz Cordova','Activo','Cancun','Subgerencia Tecnolog&iacute;a de la Informaci&oacute;n','Coordinaci&oacute;n de Sistemas de Informaci&oacute;n',to_date('23/04/19','DD/MM/RR'),null,null,null,'CANADA',null,null,null);
Insert into APP.DPM_EVAL (IDTEVA,IDTEQU,IDTUSERLOGIN,IDTEMPLEADO,FECHAIN,FECHAUP,EDO,OBSERVACIONES,IDTEVAASOCI,NOMBRE,USERSTATUS,USERZONA,USERAREA,USERDEPA,FECHAENTREGA,USUARIO,CUENTA,VPASSWORD,UBICACION,FECHAIMPRIME,IDTUSERLOGIN2,COMENTARIOS) values (8,13,1,'2617',to_date('22/04/19','DD/MM/RR'),null,'NVO',null,null,'Juan Carlos Cruz Cordova','Activo','Cancun','Subgerencia Tecnolog&iacute;a de la Informaci&oacute;n','Coordinaci&oacute;n de Sistemas de Informaci&oacute;n',to_date('23/04/19','DD/MM/RR'),null,null,null,'CANADA',null,null,null);
Insert into APP.DPM_EVAL (IDTEVA,IDTEQU,IDTUSERLOGIN,IDTEMPLEADO,FECHAIN,FECHAUP,EDO,OBSERVACIONES,IDTEVAASOCI,NOMBRE,USERSTATUS,USERZONA,USERAREA,USERDEPA,FECHAENTREGA,USUARIO,CUENTA,VPASSWORD,UBICACION,FECHAIMPRIME,IDTUSERLOGIN2,COMENTARIOS) values (9,17,1,'18',to_date('22/04/19','DD/MM/RR'),null,'NVO','benito juarez',null,'Patricia Manuela Lara Farf&aacute;n','Activo','Cancun','Gerencia Comercial','Gerencia de Atenci&oacute;n a Clientes',to_date('24/04/19','DD/MM/RR'),null,null,null,'cancun',null,null,null);
Insert into APP.DPM_EVAL (IDTEVA,IDTEQU,IDTUSERLOGIN,IDTEMPLEADO,FECHAIN,FECHAUP,EDO,OBSERVACIONES,IDTEVAASOCI,NOMBRE,USERSTATUS,USERZONA,USERAREA,USERDEPA,FECHAENTREGA,USUARIO,CUENTA,VPASSWORD,UBICACION,FECHAIMPRIME,IDTUSERLOGIN2,COMENTARIOS) values (10,14,1,'18',to_date('22/04/19','DD/MM/RR'),null,'NVO','ninguno',null,'Patricia Manuela Lara Farf&aacute;n','Activo','Cancun','Gerencia Comercial','Gerencia de Atenci&oacute;n a Clientes',to_date('22/04/19','DD/MM/RR'),'1','2','3','5',null,null,null);
Insert into APP.DPM_EVAL (IDTEVA,IDTEQU,IDTUSERLOGIN,IDTEMPLEADO,FECHAIN,FECHAUP,EDO,OBSERVACIONES,IDTEVAASOCI,NOMBRE,USERSTATUS,USERZONA,USERAREA,USERDEPA,FECHAENTREGA,USUARIO,CUENTA,VPASSWORD,UBICACION,FECHAIMPRIME,IDTUSERLOGIN2,COMENTARIOS) values (11,15,1,'18',to_date('22/04/19','DD/MM/RR'),null,'NVO',null,null,'Patricia Manuela Lara Farf&aacute;n','Activo','Cancun','Gerencia Comercial','Gerencia de Atenci&oacute;n a Clientes',to_date('30/04/19','DD/MM/RR'),null,null,null,null,null,null,null);
Insert into APP.DPM_EVAL (IDTEVA,IDTEQU,IDTUSERLOGIN,IDTEMPLEADO,FECHAIN,FECHAUP,EDO,OBSERVACIONES,IDTEVAASOCI,NOMBRE,USERSTATUS,USERZONA,USERAREA,USERDEPA,FECHAENTREGA,USUARIO,CUENTA,VPASSWORD,UBICACION,FECHAIMPRIME,IDTUSERLOGIN2,COMENTARIOS) values (12,15,1,'18',to_date('22/04/19','DD/MM/RR'),null,'NVO',null,null,'Patricia Manuela Lara Farf&aacute;n','Activo','Cancun','Gerencia Comercial','Gerencia de Atenci&oacute;n a Clientes',to_date('30/04/19','DD/MM/RR'),null,null,null,null,null,null,null);
Insert into APP.DPM_EVAL (IDTEVA,IDTEQU,IDTUSERLOGIN,IDTEMPLEADO,FECHAIN,FECHAUP,EDO,OBSERVACIONES,IDTEVAASOCI,NOMBRE,USERSTATUS,USERZONA,USERAREA,USERDEPA,FECHAENTREGA,USUARIO,CUENTA,VPASSWORD,UBICACION,FECHAIMPRIME,IDTUSERLOGIN2,COMENTARIOS) values (13,16,1,'18',to_date('22/04/19','DD/MM/RR'),null,'NVO',null,null,'Patricia Manuela Lara Farf&aacute;n','Activo','Cancun','Gerencia Comercial','Gerencia de Atenci&oacute;n a Clientes',to_date('30/04/19','DD/MM/RR'),null,null,null,null,null,null,null);
Insert into APP.DPM_EVAL (IDTEVA,IDTEQU,IDTUSERLOGIN,IDTEMPLEADO,FECHAIN,FECHAUP,EDO,OBSERVACIONES,IDTEVAASOCI,NOMBRE,USERSTATUS,USERZONA,USERAREA,USERDEPA,FECHAENTREGA,USUARIO,CUENTA,VPASSWORD,UBICACION,FECHAIMPRIME,IDTUSERLOGIN2,COMENTARIOS) values (14,12,1,'2617',to_date('22/04/19','DD/MM/RR'),null,'NVO','ok ok',null,'Juan Carlos Cruz Cordova','Activo','Cancun','Subgerencia Tecnolog&iacute;a de la Informaci&oacute;n','Coordinaci&oacute;n de Sistemas de Informaci&oacute;n',to_date('30/04/19','DD/MM/RR'),null,null,null,null,null,null,null);
Insert into APP.DPM_EVAL (IDTEVA,IDTEQU,IDTUSERLOGIN,IDTEMPLEADO,FECHAIN,FECHAUP,EDO,OBSERVACIONES,IDTEVAASOCI,NOMBRE,USERSTATUS,USERZONA,USERAREA,USERDEPA,FECHAENTREGA,USUARIO,CUENTA,VPASSWORD,UBICACION,FECHAIMPRIME,IDTUSERLOGIN2,COMENTARIOS) values (15,14,1,'2617',to_date('22/04/19','DD/MM/RR'),null,'NVO','Usuario',null,'Juan Carlos Cruz Cordova','Activo','Cancun','Subgerencia Tecnolog&iacute;a de la Informaci&oacute;n','Coordinaci&oacute;n de Sistemas de Informaci&oacute;n',to_date('22/04/19','DD/MM/RR'),'Usuario','Usuario','Usuario','Usuario',null,null,null);
Insert into APP.DPM_EVAL (IDTEVA,IDTEQU,IDTUSERLOGIN,IDTEMPLEADO,FECHAIN,FECHAUP,EDO,OBSERVACIONES,IDTEVAASOCI,NOMBRE,USERSTATUS,USERZONA,USERAREA,USERDEPA,FECHAENTREGA,USUARIO,CUENTA,VPASSWORD,UBICACION,FECHAIMPRIME,IDTUSERLOGIN2,COMENTARIOS) values (16,14,1,'18',to_date('22/04/19','DD/MM/RR'),null,'NVO','Usuario',15,'Patricia Manuela Lara Farf&aacute;n','Activo','Cancun','Gerencia Comercial','Gerencia de Atenci&oacute;n a Clientes',to_date('22/04/19','DD/MM/RR'),'Usuario','Usuario','Usuario','Usuario',null,null,null);
Insert into APP.DPM_EVAL (IDTEVA,IDTEQU,IDTUSERLOGIN,IDTEMPLEADO,FECHAIN,FECHAUP,EDO,OBSERVACIONES,IDTEVAASOCI,NOMBRE,USERSTATUS,USERZONA,USERAREA,USERDEPA,FECHAENTREGA,USUARIO,CUENTA,VPASSWORD,UBICACION,FECHAIMPRIME,IDTUSERLOGIN2,COMENTARIOS) values (17,14,1,'0018',to_date('22/04/19','DD/MM/RR'),null,'NVO','Usuario',16,'Elias Ruiz Vidal','Inactivo','Playa',null,null,to_date('22/04/19','DD/MM/RR'),'Usuario','Usuario','Usuario','Usuario',null,null,null);
Insert into APP.DPM_EVAL (IDTEVA,IDTEQU,IDTUSERLOGIN,IDTEMPLEADO,FECHAIN,FECHAUP,EDO,OBSERVACIONES,IDTEVAASOCI,NOMBRE,USERSTATUS,USERZONA,USERAREA,USERDEPA,FECHAENTREGA,USUARIO,CUENTA,VPASSWORD,UBICACION,FECHAIMPRIME,IDTUSERLOGIN2,COMENTARIOS) values (34,30,1,'2673',to_date('10/09/19','DD/MM/RR'),null,'NVO','el telefono esta en buen estado',null,'Miguel Angel Noh Poot','Activo','Cancun','Gerencia Comercial','Subgerencia de Ingresos/Departamento Lectura',to_date('18/09/19','DD/MM/RR'),'Miguel Angel Noh Poot','345','3453','435',null,null,null);
REM INSERTING into APP.DPM_VARS
SET DEFINE OFF;
Insert into APP.DPM_VARS (IDTVAR,TPOVAR,VALOR,DESCRIPCION) values ('MOVIL','DPM','Celular',null);
Insert into APP.DPM_VARS (IDTVAR,TPOVAR,VALOR,DESCRIPCION) values ('RADIO','DPM','Radio',null);
Insert into APP.DPM_VARS (IDTVAR,TPOVAR,VALOR,DESCRIPCION) values ('DPN','STATUS','Disponible',null);
Insert into APP.DPM_VARS (IDTVAR,TPOVAR,VALOR,DESCRIPCION) values ('RPR','STATUS','Retiro por renovacion',null);
Insert into APP.DPM_VARS (IDTVAR,TPOVAR,VALOR,DESCRIPCION) values ('ASG','STATUS','Asignado',null);
Insert into APP.DPM_VARS (IDTVAR,TPOVAR,VALOR,DESCRIPCION) values ('RBD','STATUS','Robado',null);
Insert into APP.DPM_VARS (IDTVAR,TPOVAR,VALOR,DESCRIPCION) values ('DND','STATUS','Dañado',null);
Insert into APP.DPM_VARS (IDTVAR,TPOVAR,VALOR,DESCRIPCION) values ('ETV','STATUS','Extraviado',null);
Insert into APP.DPM_VARS (IDTVAR,TPOVAR,VALOR,DESCRIPCION) values ('PTP','STATUS','Prestamo temporal',null);
Insert into APP.DPM_VARS (IDTVAR,TPOVAR,VALOR,DESCRIPCION) values ('TELCEL','COMPANY','Telcel',null);
Insert into APP.DPM_VARS (IDTVAR,TPOVAR,VALOR,DESCRIPCION) values ('ATYT','COMPANY','AT&T',null);
Insert into APP.DPM_VARS (IDTVAR,TPOVAR,VALOR,DESCRIPCION) values ('SIM','DPM','SIM',null);
--------------------------------------------------------
--  DDL for Index PKDMP_EQU_IDTEQU
--------------------------------------------------------

  CREATE UNIQUE INDEX "APP"."PKDMP_EQU_IDTEQU" ON "APP"."DPM_EQUI" ("IDTEQU") 
  PCTFREE 10 INITRANS 2 MAXTRANS 255 
  STORAGE(INITIAL 65536 NEXT 1048576 MINEXTENTS 1 MAXEXTENTS 2147483645
  PCTINCREASE 0 FREELISTS 1 FREELIST GROUPS 1 BUFFER_POOL DEFAULT FLASH_CACHE DEFAULT CELL_FLASH_CACHE DEFAULT)
  TABLESPACE "AGUAKAN" ;
--------------------------------------------------------
--  DDL for Index PKDMP_EVA_IDTEVA
--------------------------------------------------------

  CREATE UNIQUE INDEX "APP"."PKDMP_EVA_IDTEVA" ON "APP"."DPM_EVAL" ("IDTEVA") 
  PCTFREE 10 INITRANS 2 MAXTRANS 255 
  STORAGE(INITIAL 65536 NEXT 1048576 MINEXTENTS 1 MAXEXTENTS 2147483645
  PCTINCREASE 0 FREELISTS 1 FREELIST GROUPS 1 BUFFER_POOL DEFAULT FLASH_CACHE DEFAULT CELL_FLASH_CACHE DEFAULT)
  TABLESPACE "AGUAKAN" ;
--------------------------------------------------------
--  DDL for Index PKDPM_VAR_IDTVAR
--------------------------------------------------------

  CREATE UNIQUE INDEX "APP"."PKDPM_VAR_IDTVAR" ON "APP"."DPM_VARS" ("IDTVAR") 
  PCTFREE 10 INITRANS 2 MAXTRANS 255 
  STORAGE(INITIAL 65536 NEXT 1048576 MINEXTENTS 1 MAXEXTENTS 2147483645
  PCTINCREASE 0 FREELISTS 1 FREELIST GROUPS 1 BUFFER_POOL DEFAULT FLASH_CACHE DEFAULT CELL_FLASH_CACHE DEFAULT)
  TABLESPACE "AGUAKAN" ;
--------------------------------------------------------
--  DDL for Trigger TSU_DMP_EQUI_SQDMP_EQP
--------------------------------------------------------

  CREATE OR REPLACE TRIGGER "APP"."TSU_DMP_EQUI_SQDMP_EQP" AFTER UPDATE OF idtequ
ON APP.DPM_EQUI FOR EACH ROW
BEGIN
  RAISE_APPLICATION_ERROR(-20010,'Cannot update column idtequ in table APP.DMP_EQUI as it uses sequence.');
END;

/
ALTER TRIGGER "APP"."TSU_DMP_EQUI_SQDMP_EQP" ENABLE;
--------------------------------------------------------
--  DDL for Trigger TS_DMP_EQUI_SQDMP_EQP
--------------------------------------------------------

  CREATE OR REPLACE TRIGGER "APP"."TS_DMP_EQUI_SQDMP_EQP" BEFORE INSERT
ON APP.DPM_EQUI FOR EACH ROW
BEGIN
  :new.idtequ := APP.SQDMP_EQP.nextval;
END;

/
ALTER TRIGGER "APP"."TS_DMP_EQUI_SQDMP_EQP" ENABLE;
--------------------------------------------------------
--  DDL for Trigger TS_DMP_EVAL_SQDMP_EVA
--------------------------------------------------------

  CREATE OR REPLACE TRIGGER "APP"."TS_DMP_EVAL_SQDMP_EVA" BEFORE INSERT
ON APP.DPM_EVAL FOR EACH ROW
BEGIN
  :new.idteva := APP.SQDMP_EVA.nextval;
END;

/
ALTER TRIGGER "APP"."TS_DMP_EVAL_SQDMP_EVA" ENABLE;
--------------------------------------------------------
--  DDL for Trigger TSU_DMP_EVAL_SQDMP_EVA
--------------------------------------------------------

  CREATE OR REPLACE TRIGGER "APP"."TSU_DMP_EVAL_SQDMP_EVA" AFTER UPDATE OF idteva
ON APP.DPM_EVAL FOR EACH ROW
BEGIN
  RAISE_APPLICATION_ERROR(-20010,'Cannot update column idteva in table APP.DMP_EVAL as it uses sequence.');
END;

/
ALTER TRIGGER "APP"."TSU_DMP_EVAL_SQDMP_EVA" ENABLE;
--------------------------------------------------------
--  Constraints for Table DPM_EQUI
--------------------------------------------------------

  ALTER TABLE "APP"."DPM_EQUI" ADD CONSTRAINT "PKDMP_EQU_IDTEQU" PRIMARY KEY ("IDTEQU")
  USING INDEX PCTFREE 10 INITRANS 2 MAXTRANS 255 
  STORAGE(INITIAL 65536 NEXT 1048576 MINEXTENTS 1 MAXEXTENTS 2147483645
  PCTINCREASE 0 FREELISTS 1 FREELIST GROUPS 1 BUFFER_POOL DEFAULT FLASH_CACHE DEFAULT CELL_FLASH_CACHE DEFAULT)
  TABLESPACE "AGUAKAN"  ENABLE;
 
  ALTER TABLE "APP"."DPM_EQUI" MODIFY ("IDTEQU" NOT NULL ENABLE);
 
  ALTER TABLE "APP"."DPM_EQUI" MODIFY ("IDTDMP" NOT NULL ENABLE);
 
  ALTER TABLE "APP"."DPM_EQUI" MODIFY ("IDTUSERLOGIN" NOT NULL ENABLE);
--------------------------------------------------------
--  Constraints for Table DPM_EVAL
--------------------------------------------------------

  ALTER TABLE "APP"."DPM_EVAL" ADD CONSTRAINT "PKDMP_EVA_IDTEVA" PRIMARY KEY ("IDTEVA")
  USING INDEX PCTFREE 10 INITRANS 2 MAXTRANS 255 
  STORAGE(INITIAL 65536 NEXT 1048576 MINEXTENTS 1 MAXEXTENTS 2147483645
  PCTINCREASE 0 FREELISTS 1 FREELIST GROUPS 1 BUFFER_POOL DEFAULT FLASH_CACHE DEFAULT CELL_FLASH_CACHE DEFAULT)
  TABLESPACE "AGUAKAN"  ENABLE;
 
  ALTER TABLE "APP"."DPM_EVAL" MODIFY ("IDTEVA" NOT NULL ENABLE);
 
  ALTER TABLE "APP"."DPM_EVAL" MODIFY ("IDTEQU" NOT NULL ENABLE);
 
  ALTER TABLE "APP"."DPM_EVAL" MODIFY ("IDTUSERLOGIN" NOT NULL ENABLE);
 
  ALTER TABLE "APP"."DPM_EVAL" MODIFY ("IDTEMPLEADO" NOT NULL ENABLE);
 
  ALTER TABLE "APP"."DPM_EVAL" MODIFY ("FECHAIN" NOT NULL ENABLE);
--------------------------------------------------------
--  Constraints for Table DPM_VARS
--------------------------------------------------------

  ALTER TABLE "APP"."DPM_VARS" ADD CONSTRAINT "PKDPM_VAR_IDTVAR" PRIMARY KEY ("IDTVAR")
  USING INDEX PCTFREE 10 INITRANS 2 MAXTRANS 255 
  STORAGE(INITIAL 65536 NEXT 1048576 MINEXTENTS 1 MAXEXTENTS 2147483645
  PCTINCREASE 0 FREELISTS 1 FREELIST GROUPS 1 BUFFER_POOL DEFAULT FLASH_CACHE DEFAULT CELL_FLASH_CACHE DEFAULT)
  TABLESPACE "AGUAKAN"  ENABLE;
 
  ALTER TABLE "APP"."DPM_VARS" MODIFY ("IDTVAR" NOT NULL ENABLE);
 
  ALTER TABLE "APP"."DPM_VARS" MODIFY ("TPOVAR" NOT NULL ENABLE);
